MonthStart,Category,TargetRevenueUSD
2023-01-01,Budget,139000
2023-01-01,Mid-Range,604000
2023-01-01,Luxury,1343000
2023-02-01,Budget,102000
2023-02-01,Mid-Range,357000
2023-02-01,Luxury,1111000
2023-03-01,Budget,73000
2023-03-01,Mid-Range,376000
2023-03-01,Luxury,1174000
2023-04-01,Budget,76000
2023-04-01,Mid-Range,683000
2023-04-01,Luxury,2007000
2023-05-01,Budget,141000
2023-05-01,Mid-Range,679000
2023-05-01,Luxury,2194000
2023-06-01,Budget,245000
2023-06-01,Mid-Range,925000
2023-06-01,Luxury,1486000
2023-07-01,Budget,286000
2023-07-01,Mid-Range,998000
2023-07-01,Luxury,1795000
2023-08-01,Budget,217000
2023-08-01,Mid-Range,1178000
2023-08-01,Luxury,1629000
2023-09-01,Budget,188000
2023-09-01,Mid-Range,664000
2023-09-01,Luxury,1670000
2023-10-01,Budget,133000
2023-10-01,Mid-Range,741000
2023-10-01,Luxury,1868000
2023-11-01,Budget,190000
2023-11-01,Mid-Range,781000
2023-11-01,Luxury,1492000
2023-12-01,Budget,206000
2023-12-01,Mid-Range,731000
2023-12-01,Luxury,1780000
2024-01-01,Budget,177000
2024-01-01,Mid-Range,531000
2024-01-01,Luxury,1354000
2024-02-01,Budget,117000
2024-02-01,Mid-Range,563000
2024-02-01,Luxury,1374000
2024-03-01,Budget,95000
2024-03-01,Mid-Range,498000
2024-03-01,Luxury,1774000
2024-04-01,Budget,80000
2024-04-01,Mid-Range,657000
2024-04-01,Luxury,1906000
2024-05-01,Budget,146000
2024-05-01,Mid-Range,1109000
2024-05-01,Luxury,2608000
2024-06-01,Budget,227000
2024-06-01,Mid-Range,1524000
2024-06-01,Luxury,1899000
2024-07-01,Budget,355000
2024-07-01,Mid-Range,1197000
2024-07-01,Luxury,3577000
2024-08-01,Budget,321000
2024-08-01,Mid-Range,944000
2024-08-01,Luxury,2669000
2024-09-01,Budget,225000
2024-09-01,Mid-Range,775000
2024-09-01,Luxury,2744000
2024-10-01,Budget,152000
2024-10-01,Mid-Range,887000
2024-10-01,Luxury,2579000
2024-11-01,Budget,169000
2024-11-01,Mid-Range,1074000
2024-11-01,Luxury,2368000
2024-12-01,Budget,247000
2024-12-01,Mid-Range,919000
2024-12-01,Luxury,3146000
2025-01-01,Budget,170000
2025-01-01,Mid-Range,597000
2025-01-01,Luxury,2660000
2025-02-01,Budget,166000
2025-02-01,Mid-Range,513000
2025-02-01,Luxury,2439000
2025-03-01,Budget,124000
2025-03-01,Mid-Range,634000
2025-03-01,Luxury,2944000
2025-04-01,Budget,87000
2025-04-01,Mid-Range,771000
2025-04-01,Luxury,3343000
2025-05-01,Budget,211000
2025-05-01,Mid-Range,1042000
2025-05-01,Luxury,4482000
2025-06-01,Budget,267000
2025-06-01,Mid-Range,1411000
2025-06-01,Luxury,3754000
2025-07-01,Budget,394000
2025-07-01,Mid-Range,1201000
2025-07-01,Luxury,3351000
2025-08-01,Budget,309000
2025-08-01,Mid-Range,1243000
2025-08-01,Luxury,2943000
2025-09-01,Budget,296000
2025-09-01,Mid-Range,1088000
2025-09-01,Luxury,2672000
2025-10-01,Budget,193000
2025-10-01,Mid-Range,1071000
2025-10-01,Luxury,3810000
2025-11-01,Budget,240000
2025-11-01,Mid-Range,819000
2025-11-01,Luxury,3542000
2025-12-01,Budget,258000
2025-12-01,Mid-Range,803000
2025-12-01,Luxury,3815000
2026-01-01,Budget,174000
2026-01-01,Mid-Range,621000
2026-01-01,Luxury,2737000
2026-02-01,Budget,179000
2026-02-01,Mid-Range,551000
2026-02-01,Luxury,2649000
2026-03-01,Budget,133000
2026-03-01,Mid-Range,733000
2026-03-01,Luxury,3409000
2026-04-01,Budget,106000
2026-04-01,Mid-Range,944000
2026-04-01,Luxury,4061000
2026-05-01,Budget,236000
2026-05-01,Mid-Range,1126000
2026-05-01,Luxury,4958000
2026-06-01,Budget,293000
2026-06-01,Mid-Range,1451000
2026-06-01,Luxury,4604000
2026-07-01,Budget,410000
2026-07-01,Mid-Range,1468000
2026-07-01,Luxury,3645000
2026-08-01,Budget,350000
2026-08-01,Mid-Range,1521000
2026-08-01,Luxury,3642000
2026-09-01,Budget,311000
2026-09-01,Mid-Range,1175000
2026-09-01,Luxury,3303000
2026-10-01,Budget,219000
2026-10-01,Mid-Range,1102000
2026-10-01,Luxury,4502000
2026-11-01,Budget,278000
2026-11-01,Mid-Range,945000
2026-11-01,Luxury,3904000
2026-12-01,Budget,279000
2026-12-01,Mid-Range,850000
2026-12-01,Luxury,3959000
